{"cameraMode":{"drawMode":0,"name":"Shaded","section":"Shading Mode"},"sceneLighting":true,"audioPlay":false,"sceneViewState":{"m_AlwaysRefresh":false,"showFog":true,"showSkybox":true,"showFlares":true,"showImageEffects":true,"showParticleSystems":true,"showVisualEffectGraphs":true,"m_FxEnabled":true},"in2DMode":false,"pivot":{"x":-2.952249526977539,"y":-0.2001972198486328,"z":0.039914846420288089},"rotation":{"x":0.25780707597732546,"y":-0.5561923384666443,"z":0.18678835034370423,"w":0.7676592469215393},"size":5.308531284332275,"orthographic":false}